Month,Account,Cost,,,,,,,,
Jan,,,836.8,,,,,,,
1,BGE,351.21,,,,,,,,
2,Comcast,137.3,,,,,,,,
3,Cricket,100,,,,,,,,
4,City-Of-Annapolis,248.29,,,,,,,,
Feb,,,13885.13,,,,,,,
1,mortgage,1853.39,,,,,,,,
2,cobra,831.74,,,,,,,,
3,Rose-property,10000,cash,,,,,,,
4,Rose-assist,1200,cash,,,,,,,
March,,,19623.73,,,,,,,
,mortgage,1853.39,,,,,,,,
,cobra,831.74,,,,,,,,
,leesburg comcast,129.81,,,,,,,,
5,Ellie-gambling,180,,,,,,,,
5,Marriot-ellie-denise,160.28,,,,,,,,
5,Ellie-alchohal,80,approximate,,,,,,,
6,Social Barber,140.4,,,,,,,,
6,Atm cash,103.5,,,,,,,,
8,219 cigar bar,117.12,cc,,,,,,,
7,chart house,221.48,cc,,,,,,,
8,mcds,7.64,cash,"¼ pounder, small fry",,,,,,
7,cirgars,35.62,cc,,,,,,,
7,lunch,30,cash,,,,,,,
7,gas,62.73,cc mnt,,,,,,,
7,parking,20,cash,,,,,,,
9,smokes,11.5,cash,,,,,,,
12,usaa visa,300,from usasa bnk,for usaa car insrnc,,,,,,
10,beer smoke,21.82,cash,,,,,,,
10,beer+ norms,40.33,cash,,,,,,,
10,ellie ,150,cash,,,,,,,
12,usaa visa,150,from usasa bnk,for annapolis ½ marathon,,,,,,
11,mcds,9.21,cash,egg mcmuffin meal,,,,,,
12,snak,5.68,cash,07/11/25,,,,,,
13,snak,5.68,cash,,,,,,,
14,giant,14.28,usaa cc,mouth wash,,,,,,
14,Festival wine vsop,54.49,usaa cc,,,,,,,
14,Chick-fill-a,12.77,usaa cc,,,,,,,
14,California-pizza,22.78,usaa cc,,,,,,,
15,Texas-road-house,100,cash,,,,,,,
15,Bar-louei,60,cash,,,,,,,
15,Food-Lion,8.17,cash,eggs,,,,,,
15,mcds,8.36,cash,egg mcmuffin meal,,,,,,
15,RebbelionBurbon,100,cash,,,,,,,
15,snack,19.4,cash,Seven-11,,,,,,
16,carwash,20,cash,for sassy,,,,,,
16,Costco,387.27,usaa cc,,,,,,,
19,gas,10,cash,,,,,,,
17,Vaabc,43.2,usaa cc,henesy plus,,,,,,
17,hmart,193.12,usaa cc,Shabu-shabu,,,,,,
18,ellie ,1400,cash,,,,,,,
18,Teeth-whitener,95.92,usaa cc,samson dental,,,,,,
19,snack,5.68,cash,Seven-11,,,,,,
19,gas,10,cash,west annapolis,,,,,,
19,grauls,10.8,cash,eggs plus,,,,,,
19,Cricket,50,usaa cc,,,,,,,
19,comcast,137.3,usaa cc,,,,,,,
19,bge,531.42,usaa cc,,,,,,,
20,ionos,180,crypto.com,domain names,,,,,,
20,ezpassmd,100,crypto.com,,,,,,,
21,gas,56.33,crypto.com,,,,,,,
21,Nap-cap-cleaners,45.27,crypto.com,,,,,,,
21,montego+,12.5,crypto.com,,,,,,,
22,sass,1200,cash,,,,,,,
22,ned devines,150,cash,,,,,,,
22,lost fox,18,cash,,,,,,,
22,Chick-fill-a,5.93,cash,,,,,,,
22,Bluemont-brewery,35.5,cash,,,,,,,
23,costco,291.14,usaa cc,groceries,paid,,yes,,,
23,sheetz,11.29,cash,gas,,,,,,
24,t4amex,2800,cash,Pay-cc,,,,,,
24,gas,52.43,crypto.com,gas,,,,,,
24,Coastal-flats,97.94,crypto.com,Restaurant-lunch,,,,,,
24,uniqui usa,74.09,crypto.com,clothes,,,,,,
24,Sugarpalm-thia,55.67,usaa cc,Restaurant-dinner,paid,,yes,,,
24,Sugarpalm-thia,20,cash,Restaurant-dinner,tip,,,,,
24,Union-street,31.08,usaa cc,Restaurant-drinks,paid,,yes,,,
24,Union-street,10,cash,Restaurant-drinks,tip,,,,,
24,Yard-house,104.86,usaa cc,Restaurant-drinks,paid,,yes,,,
24,Yard-house,30,cash,Restaurant-drinks,tip,,,,,
25,mcds,9,usaa cc,Restaurant-breakfast,paid,,yes,,,
26,snack,10.17,crypto.com,,,,,,,
28,southwest,985.94,usaa cc,Flight-to-midway,paid,,yes,,,
28,Chick-fill-a,5.93,crypto.com,,,,,,,
28,eddieV's,26.2,cash,,,,,,,
28,ATM-fee,12,crypto.com,Capital-one-annapolis,,,,,,
29,Seven11,18.89,cash,,,,,,,
29,SharpTax,265.2,usaa cc,,paid,,yes,,,
29,Chadwicks,120,cash,,,,,,,
29,Terminal-Fee,3,crypto.com,,,,,,,
29,Patsy,100,cash,Restaurant-dinner,,,,,,
29,earls,20,cash,Restaurant-drinks,,,,,,
29,greenhouse,240,cash,Restaurant-drinks,,,,,,
29,ATM-fee,6,crypto.com,Capital-one-tysons,,,,,,
30,costco,211.68,crypto.com,,,,,,,
30,Sheetz-2622,30,crypto.com,,,,,,,
30,Killarney-house,86.42,crypto.com,,,,,,,
30,Killarney-house-tip,20,cash,,,,,,,
30,giant,22.51,cash,,,,,,,
30,Colpark-loc-960,5,crypto.com,,,,,,,
31,gym,70,cash,,,,,,,
31,Personal-trainer,30,cash,"Ben brake, normal 75.00/hour",,,,,,
31,gas,47.26,crypto.com,15.757 at 2.999/gal,,,,,,
31,"Oil, 2 quarts",9.98,crypto.com,,,,,,,
31,cvs,2.7,crypto.com,,,,,,,
31,comcast,137.7,usaa cc,,paid,y,,,,
31,airbnb,237.21,usaa cc,nyc trip,paid,y,,,,
31,amtrack,257,usaa cc,nyc trip,paid,y,,,,
31,Amtrack-insurance,16,usaa cc,"nyc trip, amtrak insurance",paid,y,,,,
31,cobra,831.74,usaa cc,for feb payment,,,,,,
31,Chick-fill-a,5.59,cash,,,,,,,
31,Denise,80,cash,,,,,,,
31,bgE,500,usaa cc,,paid,y,,,,
31,BGE-fuckn-fee,2.3,usaa cc,,paid,y,,,,
31,mortgage,1853.39,,,,,,,,
April,,,64346.38,,,,,,,
1,sakura,171.12,crypto.com,Dinner-w-T,,,,,,
1,Cash-tip,13,,For-above,,,,,,
2,Seven11,7.56,Mnt-cc,water-4-T,,,,,,
2,COLPARK LOC 960,18,Mnt-cc,Parking-reston,,,,,,
2,mcds,9,Mnt-cc,breakfast,,,,,,
2,Unchained-wdr-fee,25,Mnt-cc,Ira-withdraw-fee,,,,,,
3,River-fee,14.15,river,btc-2-usd-cvrt-fee,"river $82,667.51 / BTC",,,,,
3,River-fee,9.6,river,btc-2-usd-cvrt-fee,"River $82,534.21 / BTC",,"Gecko $83,078.00 / btc",,,
3,River-fee,20,river,btc-2-usd-cvrt-fee,"River $82,320.86 / BTC",,"Apr 3, 2025, 3:24 PM PDT",,,
3,River-fee,18,river,btc-2-usd-cvrt-fee,"River $82,267.74 / BTC",,,,,
3,grauls,6.38,food,,paid,no,,,,
3,Seven11,7.48,snack,,paid,no,,,,
3,Ledos-Vienna,32.11,lunch w mark,,paid,no,,,,
4,AmEx,2000,Cap-one,,,,,,,
4,gas,57.99,usaa cc,,paid,no,,,,
4,smokes,20.14,crypto.com,,,,,,,
4,Ellie,300,crypto.com,,,,,,,
4,ATM-fee,3,crypto.com,,,,,,,
5,COLPARK LOC 960,10,crypto.com,,,,,,,
5,mcds,9.21,crypto.com,,,,,,,
5,gas,57.99,usaa cc,18.688 at 3.099 / gal,paid,no,,,,
5,mcds,9.08,crypto.com,,,,,,,
5,Cmx-movie-tck,28,crypto.com,,,,,,,
5,Cmx-popcorn+,29.82,crypto.com,,,,,,,
5,Texas-road-house,62.56,crypto.com,,,,,,,
6,costco,218.26,crypto.com,,,,,,,
7,gas,50.31,crypto.com,16.445 at 3.059 / gal ,,,,,,
7,Rose-land,1500,cash,,,,,,,
7,Chick-fill-a,12.77,crypto.com,,,,,,,
7,ATM-fee,3,crypto.com,Withdraw-fee-CapOne,,,,,,
7,cash ,280,cash,spa,,,,,,
7,Micro-center,29.63,crypto.com,Five-usb-sticks,,,,,,
8,Hair-cut-shave,120,cash,,,,,,,
9,snack,13.5,cash,nyc trip snack amtrak,,,,,,
9,lunch,2.17,Mnt-cc,nyc trip extra wtr w lunch,,,,,,
9,lunch,50.03,Mnt-cc,Nyc trip lunch w Susan,,,,,,
9,Metro-card,16.25,Mnt-cc,Nyc trip subway cards,,,,,,
9,smokes,18.5,,nyc trip wait 4 ben,,,,,,
9,dinner,100,cash,nyc trip lght house,,,Includes 30 tip,,,
9,dinner,50.1,cash,nyc trip dnr w ben,,,Tip ?,,,
10,breakfast,10,cash,nyc trip  ,,,,,,
10,coffee,4.5,cash,nyc trip   ,,,,,,
10,uber,17.92,Mnt-cc,nyc trip,,,,,,
10,uber,18.98,Mnt-cc,nyc trip,,,,,,
10,uber,21.94,Mnt-cc,nyc trip,,,,,,
10,lunch,120,cash,"nyc trip ben, erin cake",,,Includes 30 tip,,,
10,drink,13,cash,nyc trip at monhan ,,,,,,
10,snack,11.39,cash,nyc trip at monhan ,,,,,,
10,amtrack ,13.5,cash,nyc trip,,,,,,
10,parking,21,crypto.com,nyc trip bwi parking,,,,,,
11,Satoshi-paciolli,1500,unchained,in btc,,,"0.01810208 BTC$1,500.99",,,
11,Truist-cc,400,Trx-from-4000,,,,,,,
11,Pizza-hut,20.35,cash,,,,,,,
12,Chick-fill-a,12.77,cash,,,,,,,
12,Cell-phone-covers,55,cash,,,,,,,
12,eddieV's,140,cash,,,,,,,
12,River-fee,3.04,river,btc-2-usd-cvrt-fee,,,"$83,764.56 / BTC","Gecko 84,089.00",2 Move 200 to usaa for cc pay,complete
14,Minuteman-press,81.03,cash,,,,,,,
14,gas,40,cash,13.338 @ 2.999 / gal,,,,,,
14,Joe Bank,26.48,cash,clothes,,,,,,
14,Seven11,13.61,cash,snack,,,,,,
14,Chick-fill-a,12.77,cash,,,,,,,
14,Sheetz-711,1.79,cash,,,,,,,
15,starbuck,2.81,cash,,,,,,,
15,mcds,8.88,cash,,,,,,,
16,River-fee,20.2,river,,,,"$83,517.17 / BTC","Gecko 83,928",2 sell $2000 worth btc ,
16,Performance4Life,285,chiropractor,Equity-health-HSA,,,Nina-ankle-tendenidious,,,
16,Performance4Life,3249,chiropractor,Equity-health-HSA,,,Nina-ankle-tendenidious,,,
16,Unchained-wdr-fee,25,mtb,,,,,,,
16,,,,$0.58 (0.00000684 BTC),,,,,,
18,gas,40,cash,10.529 g @ 3.799 / g ,,,,,,
18,eddieV's,130,cash,,,,,,,
19,Amtrack-ticket,89,usaa cc,,,,,,,
19,Chick-fill-a,12.77,cash,,,,,,,
19,Pizza-dominos,23.49,cash,,,,,,,
19,Cricket,90,usaa cc,,,,,,,
19,Amazon-prime,15.89,usaa cc,,,,,,,
19,Interest-on-purchase,157.13,usaa cc,,,,,,,
19,Interest-on-cash,63.75,usaa cc,,,,,,,
19,gas,40,cash,13.162 g @ 3.039 / g,,,,,,
19,grauls,17.37,food,,,,,,,
20,smokes,15.76,cash,wawa,,,,,,
21,uber,13.74,Mnt-cc,,,,,,,
21,Jeep-tow,90,cash,,,,,,,
22,starbuck,8,cash,,,,,,,
22,Jeep-tow,90,eom spot,marc bowen,,,,,,
22,heloc,600,Truist-4000,today's balance,"$49,536.38",,,,,
22,BGE,200,usaa cc,,,,,,,
22,Bge-convience-fee,2.3,usaa cc,,,,,,,
22,smokes,20.14,cash,,,,,,,
22,capital-1-atm-fee,3,crypto.com,,,,,,,
23,IRS-taxes,24593,Cap-one,ach route to irs,,,,,,
23,mcds,8.49,cash,,,,,,,
23,Chesapeak-imprts,262.19,Mtb-dc,post purchas inspect,,,,,,
23,Chick-fill-a,12.77,cash,,,,,,,
24,Chick-fill-a,14.46,cash,,,,,,,
24,Vsg*Scanner.io,24.9,crypto.com,,,,,,,
24,Amway-SA8,60,cash,,,,,,,
25,Usaa-truck-insrnc,100.93,Usaa-bank,,,,,,,
25,Md-taxes,20000,Mtb-check-8068,,,,,,,
25,present-4-luke,76.83,cash,johnny walking green(e),eastport liquors,,,,,
25,snack,1.5,cash,eastport liqurs,,,,,,
25,Seven11,8.48,cash,,,,,,,
25,eddieV's,167.8,Mnt-cc,,,,,,,
26,Seven11-dulles,20.29,Mtb-cc,,,,,,,
26,Jiffy-lube,586.7,Usaa-cc,paid,no,,,,,
26,popeyes,17.35,Mnt-cc,,,,,,,
26,Brooks-brother,485.48,Usaa-cc,paid,no,,,,,
26,madigans,53,cash,drinks,,,,,,
26,Regal-cinema,28.98,Usaa-cc,paid,no,,,,,
26,Regal-cinema,38.62,cash,,,,,,,
27,Costco-gas,52.45,,,,,,,,
27,costco,419.78,Usaa-cc,paid,no,,,,,
27,Seven11,3.3,cash,,,,,,,
28,grauls,,Mtb-cc,,,,,,,
28,River-fee,12.2,river,,,,,,,
28,choptank,233.11,Usaa-cc,paid,no,,,,,
29,cvs,4.23,mtbs,,,,,,,
29,cvs,38.45,Mtb-cc,,,,,,,
29,ellie,200,Mtb-bank-cash,,,,,,,
29,Drink-mgm,10,cash,,,,,,,
30,tip,20,cash,,,,,,,
30,chevy,382.04,Mnt-back-tr,,,,,,,
30,Car-insurance,301.3,Mnt-back-tr,,,,,,,
30,Usaa-visa,2000,Mnt-back-tr,NEED to match to paid,no,,,,,
30,cobra,831.74,Mtb-cc,,,,,,,
30,,0,eom spot,,,,,,,
May,,,65651.12,,,,,,,
1,Chick-fill-a,14.46,cash,,,,,,,
1,Micro-center,152.52,Usaa-cc,paid,no,,,,,
1,gas,52.26,Mtb-cc,13.542g / $3.859g,,,,,,
2,Cafe-renasnce-french,180.41,Usaa-cc,paid,no,,,,,
3,eddieV's,50,cash,,,,,,,
4,costco,196.89,cash,,,,,,,
4,capital-1-atm-fee,3,crypto.com,on600withdrawl,,,,,,
4,Seven11,47.61,crypto.com,14.432G / $3.299g,,,,,,
4,Seven11,13.43,cash,,,,,,,
5,capital-1-atm-fee,3,Atm-fee,,,,,,,
5,capital-1-atm-fee,5,By-crypto.com,,,,,,,
5,Saab-limo,160,cash,118(ride)+40(tip),,,,,,
5,RosattisCdrLkIn,64.34,cash,,,,,,,
5,VanTilCdrLk,12.81,Mnt-cc,Coffee-n-honey,,,,,,
6,CVSpharm-CdrLk,6.78,cash,Guat-rx,,,,,,
6,CedarLkKitchen,15,cash,tip,,,,,,
6,HarryOsCdrLk,20,cash,tip,,,,,,
,,,,,,,,,,
6,JaxCrownPtIN,3,cash,,,,,,,
6,CdrLkExpressMed,125,Usaa-cc0,,,,,,,
7,SIPCedarLkCoffe,15,cash,tip,,,,,,
7,CederLakeIceCrm,19.8,cash,,,,,,,
7,CdrLkExpressMed,40,Usaa-cc,paid,no,,,,,
7,CdrLkExpressMed,45,Usaa-cc,paid,no,,,,,
8,CedarLkKitchen,20,cash,tip,,,,,,
8,Tewlve-is-rest-IN,20,cash,tip,,,,,,
9,Hudson-Midway,94.33,cash,Airport-books+,,,,,,
9,Ink-midway-water,4.64,cash,,,,,,,
9,Saab-limo,150,cash,118(ride)+30(tip),,,,,,
9,Chesapeak-imprts,2659.58,Usaa-cc,paid,no,,,,,
9,gas,62.59,crypto.com,16.219G / $3.859g ,,,,,,
9,capital-1-atm-fee,3,crypto.com,on500withdrawl,,,,,,
9,capital-1-atm-fee,10,By-crypto.com,on500withdrawl,,,,,,
10,parkingBoroTower,10,crypto.com,,,,,,,
10,mcds,8.68,,,,,,,,
10,Montmgy-park-tkt,45,crypto.com,,,,,,,
10,City-Of-Annapolis,248.26,crypto.com,utility bill,,,,,,
10,BGE,500,Mnt-cc,,,,,,,
10,BGE-fuckn-fee,2.3,Mnt-cc,,,,,,,
10,gas,50,cash,,,,,,,
10,sweetwater,43,cash,,,,,,,
10,costco,225.55,cash,,,,,,,
10,Texas-road-house,100,cash,,,,,,,
11,grauls,16.71,cash,,,,,,,
11,Jiffy-lube,38.85,cash,"nail in tire, left rear, plug",,,,,,
12,Seven11,2.64,cash,,,,,,,
12,grauls,12.07,cash,,,,,,,
12,ezpassmd,100,crypto.com,,,,,,,
12,SugarPalm-thia,220,cash,,,,,,,
12,HarrisTeeter,124.71,Mnt-cc,,,,,,,
13,mcds,8.89,Mnt-cc,,,,,,,
15,Hair-cut-shave,121,cash,,,,,,,
15,wawa,17.2,cash,,,,,,,
16,Chick-fill-a,12.77,cash,,,,,,,
16,Pay-truist-visa,400,cash,,,,,,,
16,gas,78.84,crypto.com,20.43G @ $3.859/g,,,,,,
16,eddieV's,118,cash,,,,,,,
17,Mint-mobile,75,crypto.com,,,,,,,
17,Mint-mobile-fees,7.26,crypto.com,,,,,,,
17,Cricket,100,crypto.com,,,,,,,
17,Chick-fill-a,5.93,crypto.com,,,,,,,
17,smokes,8.49,crypto.com,,,,,,,
17,Cap-one-fee,3,crypto.com,Capital-one-annapolis,,,,,,
17,Atm-fee,12,crypto.com,Capital-one-annapolis,,,,,,
18,costco,284.63,crypto.com,,,,,,,
18,walmart,157.83,crypto.com,,,,,,,
19,Drinks-at-cg-banqt,50,cash,,,,,,,
19,snacks,14.36,Usaa-cc,paid,no,snacks,,,,
19,Fedex-kinko,10.26,Mnt-cc,,,,,,,
20,denny's,30,cash,,,,,,,
20,cgs,41.99,cash,,,,,,,
20,Luke-cg-grad-exps,100,cash,,,,,,,
20,Deck-maddir-gift,100,cash,,,,,,,
22,snack,3.72,cash,,,,,,,
22,snack,7.99,cash,,,,,,,
23,Chick-fill-a,12.77,crypto.com,,,,,,,
23,eddieV's,102.53,crypto.com,,,,,,,
23,EddieV's-tip,20,cash,,,,,,,
23,Seven11,9.48,cash,,,,,,,
24,comcast,137.3,crypto.com,,,,,,,
25,gas,61.07,crypto.com,west street mart,aka liberty gas(?),,,,,
25,mcds,9.32,cash,,,,,,,
25,costco,169.86,crypto.com,,,,,,,
25,costco,$151.59,Usaa-cc,,,,,,,
25,Patomac-cruz,100,cash,,,,,,,
25,Dc-parking,37,Mnt-cc,,,,,,,
26,gas,37.99,crypto.com,Super 9.743 G @ 3.899/g,,,,,,
27,Cap-one-fee,3,crypto.com,,,,,,,
27,crypto.com-fee,12,crypto.com,Capital-one-tysons,,,,,,
27,SugarPalm-thia,619.27,Usaa-cc,,,,,,,
27,ellie ,1000,cash,,,,,,,
27,Micro-center,167.38,crypto.com,,,,,,,
27,crypto.com-fee,3,crypto.com,,,,,,,
27,Truist-atm-fee,12,crypto.com,,,,,,,
28,Cvspharm-chrygrv,2.7,cash,,,,,,,
28,gas,38.7,crypto.com,Super 9.926 G @ 3.899/g,,,,,,
28,Barnes-noble,65.14,crypto.com,,,,,,,
28,grauls,19.77,cash,,,,,,,
29,Rise-fitness-tshirts,40,cash,,,,,,,
30,Cap-one-fee,3,crypto.com,,,,,,,
30,crypto.com-fee,12,crypto.com,For $600,,,,,,
30,Micro-center,-84.79,crypto.com,returned a switch,,,,,,
30,eddieV's,82.68,crypto.com,,,,,,,
30,EddieV's-tip,20,cash,,,,,,,
30,Chick-fill-a,14.56,cash,,,,,,,
30,River-fee,40.5,River-cvt-usd,,,,,,,
30,River-btc-send-fee,0.67,River-btc-fee,0.00000635 BTC,0.00955985 BTC to crypto.com,,~1000 usd,,,
30,Sophia-colege-sem1,1300,cash,,,,,,,
31,costco,237.85,crypto.com,,,,,,,
31,rebbelionBurbon,111.05,crypto.com,,,,,,,
31,RebbelionBurbon-tp,15,cash,,,,,,,
31,crypto.com,200,cash,,,,,,,
31,crypto.com-fee,3,crypto.com,,,,,,,
31,Truist-fee,4,crypto.com2cash,,,,,,,
31,,0,eom spot,,,,,,,
June,,,15535.7,,,,,,,
1,mortgage,1853.39,Truist-4000,,,,,,,
1,bge,250,Mnt-cc,,,,,,,
1,Bge-fuckn-fee,2.3,Mnt-cc,,,,,,,
1,comcast,140,Mn-cc,,,,,,,
1,Liberty-gas-westSt,52.97,crypto.com,Super 13.585 G @ 3.899/g,,,,,,
1,Charm-city,174.9,cash,,,,,,,
1,Seven11,13.92,cash,,,,,,,
2,Sound-advisory,833,Usaa-cc,,,,,,,
2,Galley-cafe-arin,20.64,cash,,,,,,,
2,Title-boxing,100,cash,,,,,,,
3,Atm-fee,3,Cap-one,,,,,,,
3,Galley-cafe-arin,23.28,cash,,,,,,,
3,walmart,52.87,cash,,,,,,,
4,Galley-cafe-arin,19.05,cash,,,,,,,
5,Food-Lion,9.53,cash,,,,,,,
5,Galley-cafe-arin,25.88,cash,,,,,,,
5,ellie,160,cash,,,,,,,
6,Galley-cafe-arin,19.05,crypto.com,,,,,,,
6,ATM-fee,3,crypto.com,,,,,,,
6,eddieV's,266.52,Mnt-cc,,,,,,,
6,EddieV's-tip,50,cash,,,,,,,
7,costco,281.99,crypto.com,,,,,,,
7,Gas-n-smokes,31.21,cash,,,,,,,
7,American-express,4000,Cap-one,,,,,,,
7,grauls,43.17,cash,,,,,,,
7,Chick-fill-a,14.52,cash,,,,,,,
7,ellie,800,cash,,,,,,,
7,Cap-one-fee,3,crypto.com-4-trx,,,,,,,
7,crypto.com-fee,9,4capOne-tysn,,,,,,,
7,Liberty-gas-westSt,84.95,Mnt-cc,21.787G @ 3.899/g,,,,,,
8,mcds,8.68,cash,,,,,,,
10,mcds,8.68,cash,,,,,,,
10,lunch,12.46,cash,,,,,,,
10,lunch,5.28,cash,,,,,,,
11,lunch,16.94,cash,,,,,,,
11,lunch,5.28,cash,,,,,,,
12,Cap-one-fee,3,4capOne-lesbrg,,,,,,,
12,crypto.com-fee,12,crypto.com,,,,,,,
12,Liberty-gas-lesbrg,88.39,crypto.com,23.266Gs @ 3.799/g,,,,,,
12,walgreens,509.96,cash,500 card n m-n-ms,,,,,,
12,sassy,100,cash,,,,,,,
13,lunch,16.41,cash,,,,,,,
13,eddieV's ,103.54,cash,,,,,,,
13,EddieV's-tip,40,cash,,,,,,,
13,Cap-one-fee,3,crypto.com,,,,,,,
13,crypto.com-atm-fee,12,crypto.com,,,,,,,
14,smokes,20.84,crypto.com,,,,,,,
14,cigars,36.46,cash,,,,,,,
14,cigars,9.93,cash,,,,,,,
15,River-btc-buy-fee,6.93,River-btc-buy-fee,,,,,,,
15,Gas-west-st-liberty,72.79,crypto.com,,,,,,,
15,ellie,300,cash,,,,,,,
17,Clry-cafe-brkfst,5.93,crypto.com,,,,,,,
18,Glry-cafe-brkfst,6.35,crypto.com,,,,,,,
18,iphn-4-mom,474.5,Gift-card,,,,,,,
18,spa,200,cash,,,,,,,
18,Cap-one-fee,3,crypto.com,,,,,,,
18,crypto.com-atm-fee,6,crypto.com,,,,,,,
18,Eddiev's-dinner,140,cash,,,,,,,
18,EddieV's-tip,60,cash,,,,,,,
19,Cricket,100,Mnt-cc,,,,,,,
19,ezpassmd,100,Mnt-cc,,,,,,,
19,Chesapeak-au-truck,316.49,Mnt-cc,,,,,,,
19,Hair-cut-shave,125,natkita,,,,,,,
19,Cricket,9.99,cash,,,,,,,
19,Chick-fill-a,12.77,cash,,,,,,,
20,food ,52.31,cash,,,,,,,
20,Dominos-pizza,19.07,cash,,,,,,,
20,Liberty-gas-annapolis,90,cash,22.731G @ $3.999 / g,,,,,,
20,mcds,4.99,cash,,,,,,,
20,Md-dmv-collections,242.19,Mnt-cc,,,,,,,
20,Chick-fill-a,12.77,cash,,,,,,,
20,marriott,127.69,Mnt-cc,,,,,,,
20,giant,7.63,cash,,,,,,,
21,dinner,227.95,cash,Wildfire-grille,,,,,,
21,costco,132.44,Crypto-cc,,,,,,,
21,Cap-one-fee,3,Crypto-cc,,,,,,,
21,Crypto-com-fee,12,Crypto-cc,,,,,,,
21,marriott,138.28,Crypto-cc,,,,,,,
22,Home-depot,204.5,cash,,,,,,,
22,smokes,5.63,Crypto-cc,Seven-11,,,,,,
22,gas ,50,cash,10.872G $4.599 / g,,,,,,
23,toll,4.55,Mnt-cc,,,,,,,
23,walmart,28.01,cash,,,,,,,
23,Dicks-sporting-goods,63.3,cash,,,,,,,
23,Chick-fill-a,17.24,cash,,,,,,,
25,breakfast,32.03,Crypto-cc,marriott,,,,,,
25,toll,5.8,Mnt-cc,,,,,,,
25,breakfast,6.35,cash,,,,,,,
25,lunch,16.94,cash,,,,,,,
25,gas ,50,cash,12.318G $4.059 / g,,,,,,
26,toll,5.8,Mnt-cc,,,,,,,
27,toll,5.8,Mnt-cc,,,,,,,
27,lunch,15.35,cash,,,,,,,
27,NeimanMarcus,747.29,Usaa-cc,,,,,,,
27,Maggianos,154.32,cash,,,,,,,
27,Cap-one-fee,2.4,Crypto-cc,,,,,,,
28,Mcds,9.32,cash,,,,,,,
28,Liberty-gas-annapolis,77.23,Mnt-cc,19.313G $3.999 / g ,,,,,,
28,toll,5.25,Mnt-cc,,,,,,,
28,seven11-dulles,3.3,cash,,,,,,,
28,grauls,32.12,cash,,,,,,,
29,Mgm-steak,317.76,Usaa-cc,,,,,,,
29,starbuck,12.77,cash,,,,,,,
29,ellie,180,cash,,,,,,,
29,mcds,8.68,cash,,,,,,,
29,River-btc-buy-fee,9.9,Mnt-bank-tr,,,,,,,
29,denise,100,cash,,,,,,,
0,eom,0,eom spot,,,,,,,
July,,,8861.45,,,,,,,
1,Smokes-exxon,8.64,cash,,,,,,,
1,toll,5.8,Mnt-cc,,,,,,,
1,toll,5.8,Mnt-cc,,,,,,,
1,Title-boxing,100,cash,,,,,,,
1,Title-boxing-wraps,15,cash,,,,,,,
2,toll,5.8,Mnt-cc,,,,,,,
3,toll,5.5,Mn-cc,,,,,,,
3,eddieV's ,80,cash,,,,,,,
3,EddieV's-tip,40,cash,,,,,,,
3,Unchained-wdr-fee,25,Mnt-cc,,,,,,,
4,smokes ,17.54,cash,Seven-11,,,,,,
4,Hair-cut-shave,117,cash,,,,,,,
4,Car-wash,35,cash,,,,,,,
4,mortgage,1853.39,Truist-4000,,,,,,,
4,Truist-heloc,350,Truist-4000,,,,,,,
4,Comcast-clubhouse,95.64,Mnt-check-8126,,,,,,,
4,Car-insurance,301,Mnt-cc,,,,,,,
4,Cap-one-fee,3,Crypto-atm-fee,,,,,,,
4,gas ,70.59,Crypto-cc,,,,,,,
4,toll,5.25,Mnt-cc,,,,,,,
5,toll,5.25,Mnt-cc,,,,,,,
5,toll,5.25,Mnt-cc,,,,,,,
5,lunch,196.11,cash,Harrises-crab-house,,,,,,
5,Lunch-tip,50,cash,Harris-crab-house-tip,,,,,,
5,drinks ,60,cash,Dirty-daves-tiki-bar,,,,,,
5,dinner,62.39,cash,Texas-road-house,,,,,,
5,Dinner-tip,30,cash,Texas-road-house,,,,,,
6,gas ,56.45,Crypto-cc,19.103G @ $2.995 /g,,,,,,
6,toll,5.25,cash,,,,,,,
6,Seven11,3.3,cash,Breakfast-roll,,,,,,
6,costco ,155.76,Crypto-cc,,,,,,,
6,toll,5.25,Crypto-cc,,,,,,,
7,toll,5.8,Crypto-cc,,,,,,,
7,dinner ,96.46,cash ,eddieV's,,,,,,
7,Dinner-tip,20,cash ,EddieV's-tip,,,,,,
8,toll,5.8,Mnt-cc,,,,,,,
8,toll,5.25,Mnt-cc,,,,,,,
9,lunch ,16.73,cash,,,,,,,
9,toll,5.8,Mnt-cc,,,,,,,
9,toll,5.8,Mnt-cc,,,,,,,
10,toll,5.8,Mnt-cc,,,,,,,
10,Gas-n-smokes,55.73,cash,,,,,,,
11,toll,5.8,Mnt-cc,,,,,,,
11,lunch ,43.11,Mnt-cc,fosters,,,,,,
11,dinner ,111.3,cash,eddieV's ,,,,,,
11,Dinner-tip,35,cash ,EddieV's-tip,,,,,,
12,lunch ,3.3,cash,,,,,,,
12,gas ,21.13,Mnt-cc,5.534 G @ $3.819 / g,,,,,,
12,rosario,50,cash ,miscelanious,,,,,,
12,lunch ,100,cash ,Chesapeake-beach-wJoy+,,,,,,
13,snack,13.46,Mnt-cc,,,,,,,
13,breakfast,8.9,cash,,,,,,,
13,Usaa-visa,500,Usaa-bank,,,,,,,
13,Usaa-car-loan,382.04,Usaa-bank,,,,,,,
13,Truist-visa,623,Truist-4000,,,,,,,
13,BGE,213.85,Mnt-cc,,,,,,,
13,Bge-fuckn-fee,2.3,Mnt-cc,,,,,,,
13,Comcast-glen,134.6,Mnt-cc,,,,,,,
13,Brooks-running,132,cash,,,,,,,
13,gas ,85.12,Mnt-cc,21.285 G @ $3.99 / g ,,,,,,
12,Smokes-7-11,5.63,cash,,,,,,,
15,mcds,8.2,cash,,,,,,,
16,lunch ,15.49,cash,,,,,,,
17,toll,5.25,Mnt-cc,,,,,,,
17,breakfast,8.64,cash,,,,,,,
17,Chick-fill-a,5.79,cash,,,,,,,
17,Gas-n-smokes,25.63,cash,,,,,,,
17,snack,3.3,cash,,,,,,,
17,toll,5.25,Mnt-cc,,,,,,,
18,spa,300,cash,,,,,,,
19,toll,5.25,Mnt-cc,,,,,,,
19,2-roll-snack,3.3,cash,,,,,,,
19,costco ,245.09,Mnt-cc,,,,,,,
19,gas ,29.41,Mnt-cc,7.64 G @ $3.640 / g,,,,,,
19,Smokes-7-11,6.37,cash,,,,,,,
19,drinks,175,cash,,,,,,,
20,Quarter-pndr,6.14,cash,,,,,,,
20,mcds,8.89,cash,,,,,,,
,,,1535.78,,,,,,,
21,mcds,8.89,cash,,,,,,,
21,grauls,65.37,cash,,,,,,,
21,Chick-fill-a,5.96,cash,,,,,,,
21,Liberty-gas-annapolis,58.84,Mnt-cc,14.713 G @ $3.999 / g,,,,,,
22,Galley-cafe-arin,16.73,cash,,,,,,,
23,mcds,8.2,cash,,,,,,,
24,toll,5.8,Mnt-cc,,,,,,,
24,Smokes-7-11,5.73,cash,,,,,,,
25,toll,5.8,Mnt-cc,,,,,,,
25,Galley-cafe-arin,18,cash,,,,,,,
25,Eddiev's-dinner,80,cash,,,,,,,
25,EddieV's-tip,20,cash,,,,,,,
25,Modan-drinks,25,cash,,,,,,,
25,sassy,520,cash,the case,,,,,,
26,costco ,321.41,Mnt-cc,,,,,,,
26,Seven11,3.3,cash,,,,,,,
26,Chick-fill-a,14.5,cash,,,,,,,
27,Liberty-gas-annapolis,88.55,Mtb-cc,,,,,,,
27,mcds,8.89,cash,,,,,,,
27,Hormone-thitiama,81.18,Mtb-cc,,,,,,,
27,Smokes-7-11,5.63,cash,,,,,,,
29,walmart,89.87,Mtb-cc,running clothes,,,,,,
29,Chick-fill-a,12.57,cash,,,,,,,
30,Smokes-7-11,18.5,cash,,,,,,,
30,Galley-cafe-arin,15.27,cash,,,,,,,
30,Chick-fill-a,14.46,cash,,,,,,,
31,grauls,17.33,cash,,,,,,,
,,,0,,,,,,,
0,eom,0,eom spot,,,,,,,
Aug,,,15026.44,,,,,,,
,,,7075.18,Week 1,,,,,,
,,,2894.12,Week 2,,,,,,
1,toll,5.8,Mnt-cc,,,,,,,
1,grauls,12.18,cash,,,,,,,
1,Pizza-hut,20.35,Mnt-cc,,,,,,,
2,toll,5.25,Mnt-cc,,,,,,,
2,costco ,116.19,Mnt-cc,,,,,,,
3,cvs ,220.97,Mnt-cc,,,,,,,
3,Liberty-gas-annapolis,61.58,Mnt-cc,20.839G @ $2.955 / g,,,,,,
3,Grauls-lunch,13.24,cash,,,,,,,
3,BGE,308.04,Mnt-cc,,,,,,,
4,Liberty-gas-annapolis,64.58,Mnt-cc,,,,,,,
4,toll,5.25,Mnt-cc,,,,,,,
4,Cvspharm-SilAm,220.97,Mnt-cc,,,,,,,
4,Pizza-hut,20.35,Mnt-cc,,,,,,,
5,toll,5.8,Mnt-cc,,,,,,,
6,toll,5.8,Mnt-cc,,,,,,,
6,Galley-cafe-arin,14,cash,,,,,,,
5,Seven11,5.8,Mnt-cc,,,,,,,
6,Seven11,6.11,cash,smoke,,,,,,
6,Seven11,5.49,cash,snak,,,,,,
7,Budget-car-rent,1492.7,AmEx,car rent,,,,,,
7,Gott-auto-body,2100,cash,depsit for bed,,,,,,
7,Chesapeak-au-truck,1649.97,AmEx,gas leak,,,,,,
7,uber,12.95,Mnt-cc,,,,,,,
7,Chick-fill-a,12.77,cash,,,,,,,
7,marriott,390,AmEx,ellie weekend,,,,,,
7,Liberty-gas-annapolis,50,cash,12.503G @ 3.999/g,,,,,,
8,YardHouse,239.82,Mnt-cc,,,,,,,
8,Seven11,9.22,,,,,,,,
8,Galley-cafe-arin,13.02,cash,,,,,,,
9,costco ,171.75,Mnt-cc,,,,,,,
10,Grauls-lunch,20.13,cash,,,,,,,
10,Choptank,213,cash,,,,,,,
10,Liberty-gas-annapolis,82.72,Mnt-cc,20.686G @ $3.999g,,,,,,
10,Mcds,9.32,cash,,,,,,,
10,Seven11,27.92,cash,beer-smokes-4-ellie,,,,,,
10,ellie,1200,cash,,,,,,,
13,sheetz ,6.47,cash,smoke,,,,,,
13,Galley-cafe-arin,15.87,cash,,,,,,,
13,Chick-fill-a,5.93,,,,,,,,
15,eddieV's,91,cash,,,,,,,
15,EddieV's-tip,30,cash,,,,,,,
15,EddieV's-drinks,60,cash,,,,,,,
15,Shugar-palm,26.18,Mnt-cc,,,,,,,
16,costco ,278.23,Mnt-cc,,,,,,,
16,Seven11,9.59,cash,,,,,,,
16,Home-depot,19.06,cash,step ladder,,,,,,
16,highs,61.53,Mnt-cc,19.865G @ $3.099/g,,,,,,
16,highs,13.09,Mnt-cc,smokes,,,,,,
19,Seven11,3.22,cash,,,,,,,
16,season52,130.62,Mnt-cc,,,,,,,
17,ezpassmd,150,Crypto-com-cc,,,,,,,
17,Annapolis-utils,255.47,Mnt-cc,,,,,,,
,,,1859.5,Week 3,,,,,,
19,River,200,Mnt-cc,,,,,,,
19,River-fee,,,,,,,,,
20,Samson-dental,26,Mnt-cc,,,,,,,
21,Cricket,100,Mnt-cc,,,,,,,
21,River,200,Mnt-cc,,,,,,,
21,River-btc-buy-fee,,,,,,,,,
22,Galley-cafe-arin,15.66,cash,,,,,,,
22,eddieV's,210.94,AmEx,,,,,,,
22,EddieV's-tip,60,cash,,,,,,,
23,costco ,249.7,Mnt-cc,,,,,,,
23,Seven11,20,cash,,,,,,,
23,spa,330,cash,,,,,,,
23,Chick-fill-a,11.96,cash,,,,,,,
24,Grauls-lunch,19.63,cash,,,,,,,
24,comcast ,137.3,Mnt-cc,,,,,,,
24,Usaa-insurance,278.31,Mnt-cc,,,,,,,
,,,3197.64,Week 4,,,,,,
24,Seven11,6,cash,,,,,,,
25,Chick-fill-a,11.32,cash,,,,,,,
26,Ledo-pizza,10.88,cash,,,,,,,
26,Seven11,20,cash,,,,,,,
27,Seven11,9.3,cash,,,,,,,
27,gas ,35,cash,,,,,,,
27,spa,85,cash,,,,,,,
27,spa,280,cash,,,,,,,
28,Enterprise-rental,279.49,AmEx,,,,,,,
28,Enterprise-rental,97.46,AmEx,,,,,,,
28,grouls,21.32,cash,,,,,,,
28,Gott-auto-body,484,Usaa-cc,,,,,,,
29,Chick-fill-a,12.77,cash,,,,,,,
30,Sassy-sophia-tuition,1200,cash,,,,,,,
30,Liberty-gas-annapolis,50,cash,12.503 G @ $3.999/g,,,,,,
30,Seven11,9.3,cash,,,,,,,
30,costco ,149.4,Mnt-cc,,,,,,,
30,EddieV's-drinks,200,cash,,,,,,,
30,marriott,170,AmEx,,,,,,,
30,West-st-exxon,33.2,cash,,,,,,,
30,Liberty-gas-annapolis,33.2,cash,,,,,,,
0,eom,0,,,,,,,,
Sep,,,13649.76,,,,,,,
,,,8204.84,Week 1,,,,,,
1,ezpassmd,100,Crypto-cc,,,,,,,
1,mortgage,1891.59,Truist-4000,,,,,,,
1,Smokes-wawa,11.82,cash,,,,,,,
1,Liberty-gas-annapolis,50.28,Mnt-cc,12.574G @ 3.999/g,,,,,,
4,Galley-cafe-arin,13.02,cash,,,,,,,
4,Seven11,6,cash,,,,,,,
6,Sophia-colege-sem2,1500,cash,,,,,,,
6,Arleen-party,100,cash,,,,,,,
6,costco ,270.85,Mnt-cc,,,,,,,
6,Seven11,39.3,cash,,,,,,,
6,koreanAir,2864.81,AmEx,,,,,,,
6,BGE,214.69,Mnt-cc,,,,,,,
6,BGE-fuckn-fee,2.3,Mnt-cc,,,,,,,
6,comcast ,137.3,Mnt-cc,,,,,,,
6,Liberty-gas-annapolis,50,Mnt-cc,12.503G @ 3.999/g,,,,,,
6,redbull,3,cash,,,,,,,
6,Surgar-palm,192.92,Mnt-cc,,,,,,,
6,Surgar-palm-tip,40,cash,,,,,,,
6,Surgar-palm,146.26,cash,,,,,,,
6,Surgar-palm-tip,23.77,cash,,,,,,,
6,Seven11,6,Vanilla-debit,,,,,,,
6,marriott,150,Mn-cc,,,,,,,
7,mcds,8.89,Vanilla-debit,,,,,,,
7,Usaa-car-loan,382.04,Usaa-bank,,,,,,,
,,0,696.95,Week 2,,,,,,
9,Seven11,36,cash,gas n smokes,,,,,,
10,Galley-cafe-arin,15.68,cash,,,,,,,
11,sweetwater,65,cash,,,,,,,
12,Seven11,6,Pre-paid-cc,,,,,,,
12,sunoco,50.19,Mnt-cc,,,,,,,
12,Eddiev's-dinner,190.8,cash,,,,,,,
12,Eddiev's-tip,19.2,cash,,,,,,,
,,,1896.09,Week 3,,,,,,
13,Mint-mobile,82.11,Mnt-cc,johngalt,,,,,,
13,RebbelionBurbon,98.56,Mnt-cc,,,,,,,
13,RebbelionBurbon-tip,25,cash,,,,,,,
13,ezpassmd,100,Crypto-cc,,,,,,,
13,Seven11,8.41,,,,,,,,
17,Seven11,50,Mnt-cc,12.597G @ $3.969/g,,,,,,
18,Seven11,3,cash,,,,,,,
18,Galley-cafe-arin,15.34,cash,,,,,,,
18,EddieV's-drinks,151.56,AmEx,,,,,,,
18,EddieV's-tip,50,cash,,,,,,,
19,Hair-cut-shave,106,cash,,,,,,,
19,Hair-cut-shave-tip,25,cash,,,,,,,
19,Chesapeak-au-truck,887.57,AmEx,,,,,,,
20,costco ,123.43,Mnt-cc,,,,,,,
20,Liberty-gas-annapolis,68.23,Mnt-cc,17.061G @ 3.999/g,,,,,,
20,Seven11,8,cash,,,,,,,
20,Chick-fill-a,12.77,cash,,,,,,,
20,Tian-Korean,81.11,Mnt-cc,,,,,,,
,,,3165.96,Week 4,,,,,,
21,ezpassmd,100,crypto.com,,,,,,,
21,dordt,1500,check,,,,,,,
21,Truck-loan,382.04,,,,,,,,
21,Auto-insurance,268.31,,,,,,,,
22,heloc,323.46,Acnt-4000,,,,,,,
22,Seven11,50.04,Mnt-cc,12.388G @ 4.388 $/g ,,,,,,
24,Galley-cafe-arin,15.66,cash,,,,,,,
24,ATM-fee,3,Crypto-atm-fee,,,,,,,
24,Crypto-com-fee,2,Crypto-atm-fee,,,,,,,
24,cvs ,14.49,Mnt-cc,,,,,,,
25,Mcds,4.87,cash,,,,,,,
25,Exxon-tysons-rt7,23.82,cash,,,,,,,
25,Galley-cafe-arin,6.35,cash,,,,,,,
25,Galley-cafe-arin,11.65,cash,,,,,,,
26,exxon,50.01,Mnt-cc,11.911 G @ 4.19 $/g,,,,,,
26,Galley-cafe-arin,11.31,cash,,,,,,,
26,Galley-cafe-arin,15.66,cash,,,,,,,
26,Cap-one-fee,3,Atm-fee,,,,,,,
26,Crypto-com-fee,8,Crypto-atm-fee,,,,,,,
27,Seven11,29.99,Mn-cc,7.52G @ 3.869 $ / g ,,,,,,
27,costco ,269.01,cash,,,,,,,
27,Smokes-7-11,8.41,cash,,,,,,,
28,mcds,8.89,cash,,,,,,,
30,Ebisu-thai-lees-b,45.99,cash,,,,,,,
30,Ebisu-thai-tip-lees-b,10,cash,,,,,,,
1,eom,0,,,,,,,,
Oct,,,5625.47,,,,,,,
,,,1168.1,Week 1,,,,,,
3,EddieV's-drks-dnr,124,cash,,,,,,,
3,EddieV's-tip,28,cash,,,,,,,
4,mcds,8.89,cash,,,,,,,
4,ezpassmd,175,crypto.com,,,,,,,
4,Home-depot,112.12,cash,,,,,,,
4,wawa ,16.15,cash,,,,,,,
4,Cap-one-fee,3,Crypto-atm-fee,,,,,,,
4,Green-house,22.68,Usaa-cc,,,,,,,
5,exxon ,15.36,Mnt-cc,3.658G @ $3.658/g,,,,,,
5,mcds,8.63,cash,,,,,,,
5,Liberty-gas-annapolis,76.97,Mnt-cc,17.74G @ $3.899g,,,,,,
5,Green-house,60,cash ,,,,,,,
5,Green-house,30,cash,,,,,,,
5,Green-house,300,cash,,,,,,,
6,Shutters-on-king,127.3,Mnt-cc,,,,,,,
7,PCMobile,60,cash,,,,,,,
1,eow1,0,,,,,,,,
,,,447.46,Week 2,,,,,,
9,Eddiev's-dinner,96.46,,,,,,,,
9,Crypto-com-fee,3,crypto.com,,,,,,,
11,Crypto-atm-fee,6,Crypto-atm-fee,,,,,,,
10,American-express,342,,,,,,,,
2,eow2,0,,,,,,,,
,,,4009.91,Week 3,,,,,,
9,Galley-cafe-arin,15.34,cash,,,,,,,
10,mcds,8.89,cash,,,,,,,
10,wawa,17.8,cash,,,,,,,
10,Chick-fill-a,11.96,cash,,,,,,,
10,Costo,371.85,Mtb-cc,,,,,,,
10,spa,1000,cash,,,,,,,
11,Smokes-7-11,6,cash,,,,,,,
11,mcds,9.32,cash,,,,,,,
11,target,34.95,cash,,,,,,,
11,cigars,35.05,cash,,,,,,,
12,Debit-card,250,cash,,,,,,,
12,Debit-card-fee,7.98,cash,,,,,,,
13,snack,2.41,cash,,,,,,,
12,grauls ,20.96,cash,,,,,,,
13,Chick-fill-a,5.93,cash,,,,,,,
13,BGE,479.21,crypto.com,,,,,,,
13,BGE-fuckn-fee,2.3,crypto.com,,,,,,,
16,Gas-dulles-7-11,50.29,Mnt-cc,12.36G @ $4.069/g,,,,,,
16,Gas-dulles-7-11,12.13,cash,,,,,,,
17,Galley-cafe-arin,15.47,cash,,,,,,,
17,Eddiev's-dinner,97.52,cash,,,,,,,
17,EddieV's-tip,30,cash,,,,,,,
18,Liberty-gas-annapolis,72.55,Mnt-cc,19.613G @ $3.599/g,,,,,,
18,copies,20,cash,,,,,,,
18,Galley-cafe-arin,10.26,cash,,,,,,,
18,Chick-fill-a,11.96,cash ,,,,,,,
19,Cricket,100,Mnt-cc,,,,,,,
19,ezpassmd,100,crypto.com,,,,,,,
19,Green-house,55,cash,,,,,,,
20,Smokes-7-11,13.14,cash,,,,,,,
23,Gas-dulles-7-11,68.02,Usaa-cc,,,,,,,
24,Lazy-Dog-dinner,50.89,cash,,,,,,,
24,Lazy-Dog-tip,15,cash,,,,,,,
24,Eddiev's-dinner,34.98,cash,,,,,,,
24,EddieV's-tip,15.02,cash,,,,,,,
25,costco,200.9,Usaa-cc,,,,,,,
25,Jiffy-lube,345.58,AmEx,,,,,,,
25,RebbelionBurbon,84.32,AmEx,,,,,,,
25,RebbelionBurbon-tip,20,cash,,,,,,,
25,Smokes-7-11,12.13,cash,,,,,,,
27,walmart,15.9,cash,,,,,,,
28,Chick-fill-a,5.93,cash,,,,,,,
28,tarbender,55.31,cash,,,,,,,
28,Tarbender-tip,20,cash,,,,,,,
30,Oyamel,15.4,cash,,,,,,,
30,Central-Liquors,19.6,cash,,,,,,,
30,Parking,25,Mtb-cc,,,,,,,
31,EddieV's-drinks,117.66,cash,,,,,,,
31,EddieV's-tip,20,cash,,,,,,,
3,eow3,0,,,,,,,,
,,,,,,,,,,
1,eom,,,,,,,,,
Nov,,,15063.74,,,,,,,
1,Liberty-gas-annapolis,50.88,Mtb-cc,13.756G @ $3.699g,,,,,,
1,costco,328.44,Mtb-cc,,,,,,,
1,54Restaurant,117,Mtb-cc,Philipina-Halloween-Prty,,,,,,
1,54Restaurant,6.6,cash,,,,,,,
1,PCMobile,426.98,cashss,,,,,,,
2,CellPhoneFix-A-Mall,55,cash,,,,,,,
2,Seven11,29.95,Mtb-cc,7.218G @ $4.149/g,,,,,,
3,EddieV's-drinks,46.64,cash,,,,,,,
3,EddieV's-tip,20,,,,,,,,
4,Seven11,30.12,Mtb-cc,7.26G @ $4.149g,,,,,,
4,SocialBarber,106,cash,,,,,,,
4,SocialBarber-Tip,20,cash,,,,,,,
4,Seven11-dulles,12.39,cash,smokes,,,,,,
7,Seven11,30.93,Mtb-cc,7.454G @ $4.149g,,,,,,
7,EddieV's-tip,30,cash,,,,,,,
7,EddieV's-drinks,137.8,cash,,,,,,,
7,Green-house,19.08,Mtb-cc,drinks,,,,,,
7,Green-house,70.58,Mtb-cc,drinks,,,,,,
7,Green-house-tip,30,cash,,,,,,,
7,Green-house,36.54,cash,,,,,,,
8,Seven11,20.81,Mtb-cc,5.016G @ $4.14g,,,,,,
8,Costo,287.96,cash,,,,,,,
8,BearChase,58.99,cash,,,,,,,
9,Seven11,76.15,Mtb-cc,20.044G @ $3.799/g,,,,,,
9,Texas-road-house,79.08,cash,,,,,,,
11,Galley-cafe-arin,16.4,cash,,,,,,,
11,Flagship-Car-Wash,36,cash,,,,,,,
12,Cvs-tysons,57.65,Mtb-cc,,,,,,,
12,Seven11,30.06,Mtb-cc,7.244G @ $4.149/g,,,,,,
12,Patsys,174,Mtb-cc,,,,,,,
12,Patsys-tip,15,cash,,,,,,,
13,UmaiRamenJapRest,525.71,Usaa-cc,,,,,,,
13,Galley-cafe-arin,13.76,cash,,,,,,,
14,Chick-fill-a,11.32,cash,,,,,,,
15,Seven11,18.74,cash,,,,,,,
15,sassy ,10000,cash,Seven-11,,,,,,
16,Liberty-gas-annapolis,81.29,Mtb-cc,20.848G @ $3.899g,,,,,,
16,ezpassmd,140,crypto.com,,,,,,,
16,Annapolis-utils,221.4,Mnt-debt-crd,,,,,,,
18,safeway,32.99,cash,,,,,,,
21,EddieV's-drinks,97.52,cash,,,,,,,
21,EddieV's-tip,20,cash,,,,,,,
21,Gas-dulles-7-11,40,Mtb-cc,9.759G @ 4.099g,,,,,,
21,Neds,55.92,cash,,,,,,,
21,Neds-tip,20,cash,,,,,,,
22,costco,264.33,Mtb-cc,,,,,,,
22,RebbelionBurbon,91.46,cash,,,,,,,
22,Seven11,6.35,cash,cigs,,,,,,
22,Seven11,12.39,cash,,,,,,,
23,Liberty-gas-annapolis,68.84,Mtb-cc,17.656G @ $3.899g,,,,,,
23,Seven11,8.25,cash,smokes,,,,,,
24,TuscaroraGrill,200,cash,,,,,,,
25,EddieV's-drinks,101.76,cash,,,,,,,
25,EddieV's-tip,20,cash,,,,,,,
26,Liberty-gas-annapolis,73.09,Crypto-cc,19.760G @ $3.699g,,,,,,
26,TarinThai,14.79,cash,,,,,,,
27,CrackerBarrel,10.59,cash,,,,,,,
28,Grauls-lunch,19.75,cash,,,,,,,
28,Liberty-gas-annapolis,68.83,Mnt-debt-crd,17.652G @ $3.899/g,,,,,,
28,Seven11,14.29,cash,,,,,,,
30,Green-house,157.5,Mtb-cc,,,,,,,
30,Green-house-tip,50,cash,,,,,,,
30,Green-house,47.88,Mtb-cc,,,,,,,
30,Green-house-tip,20,cash,,,,,,,
30,Green-house,57.96,Mtb-cc,,,,,,,
30,Green-house-tip,20,cash,,,,,,,
0,eom,,,,,,,,,
Dec,,,5478.89,,,,,,,
1,mortgage,1891.59,,,,,,,,
2,Hair-cut-shave,106,Mnt-cc,,,,,,,
2,Hair-cut-shave-tip,20,cash,,,,,,,
2,RamsHeadTvrn,35.28,cash,,,,,,,
2,Liberty-gas-annapolis,81.78,Mtb-cc,22.1G @ $3.699g,,,,,,
2,Green-house,45.36,cash,,,,,,,
2,Green-house-tip,5,cash,,,,,,,
4,Bindaas-bowl-dc,15.35,cash,,,,,,,
6,Green-house,45.36,AmEx,,,,,,,
7,Green-house,47.88,cash,,,,,,,
8,Grauls-lunch,13.46,cash,,,,,,,
9,Grauls-lunch,16.84,cash,,,,,,,
9,Exxon-tysons-rt7,20.87,Mtb-cc,4.971G @ $4.199g,,,,,,
9,netflix,19.07,Mnt-ccs,,,,,,,
10,safeway,110.98,cash,,,,,,,
10,bge,280.69,Mnt-cc,,,,,,,
11,giant,17.15,cash,,,,,,,
11,overdraft,15,Mnt-cc,,,,,,,
12,EddieV's-drinks,43.46,cash,,,,,,,
12,EddieV's-tip,20,cash,,,,,,,
12,Green-house,22.68,cash,,,,,,,
12,Green-house-tip,5,cash,,,,,,,
13,Liberty-leesburg,50.72,Mtb-cc,14.495G @ $3.499g,,,,,,
13,Green-house,22.68,cash,,,,,,,
13,Green-house-tip,5,cash,,,,,,,
13,Green-house,66.78,Mtb-cc,,,,,,,
13,Green-house-tip,10,cash,,,,,,,
13,Green-house,20.79,Mtb-cc,,,,,,,
13,Green-house-tip,5,cash,,,,,,,
14,Seven11,14.8,cash,,,,,,,
15,Grauls-lunch,8.89,cash,,,,,,,
15,cashapp,510,Mnt-cc,,,,,,,
16,Chesapeak-au-truck,235.22,Mnt-cc,oil change,,,,,,
16,Grauls-lunch,12.5,cash,,,,,,,
16,uber,16.95,Mnt-cc,,,,,,,
16,uber,17.48,Mnt-cc,,,,,,,
16,aga service allianzins,16,Mnt-cc,,,,,,,
17,Amtrack,269,Mnt-ccs,,,,,,,
19,Liberty-gas-annapolis,64.26,Mnt-cc,18.366G @ $3.499/g,,,,,,
19,Cricket,100,Mtb-cc,,,,,,,
19,MGM-coffee,45,cash,,,,,,,
19,BayRidgeWine,45.77,cash,,,,,,,
19,DavidusCigar,131.66,cash,,,,,,,
19,XmasWrap,40,cash,,,,,,,
19,Green-house,22.68,cash,,,,,,,
19,Green-house-tip,20,cash,,,,,,,
19,Seven11,11.09,cash,,,,,,,
20,Green-house,41.58,cash,,,,,,,
20,Green-house-tip,20,cash,,,,,,,
20,MGM-breakfast,26.48,cash,,,,,,,
20,MGM-tip,40,cash,,,,,,,
21,Seven11,30.53,Mnt-cc,7.185G @ $4.249/g,,,,,,
21,Seven11,18.74,cash,smokes,,,,,,
22,Cricket,100,Mtb-cc,,,,,,,
23,Eddiev's-dinner,110.24,cash,,,,,,,
23,EddieV's-tip,25,cash,,,,,,,
24,Liberty-gas-annapolis,75.06,Mtb-cc,21.453 G @ $3.499 / g ,,,,,,
24,Xmas-Gift,200,cashss,,,,,,,
25,Seven11,3.6,cash,,,,,,,
25,,,,,,,,,,
27,Grauls-lunch,14.83,cash,,,,,,,
27,marriott,131.76,,,,,,,,
27,,,,,,,,,,
,,,,,,,,,,
0,eom,,,,,,,,,
